                  epoch,         train/box_loss,         train/cls_loss,         train/dfl_loss,   metrics/precision(B),      metrics/recall(B),       metrics/mAP50(B),    metrics/mAP50-95(B),           val/box_loss,           val/cls_loss,           val/dfl_loss,                 lr/pg0,                 lr/pg1,                 lr/pg2
                      1,                0.74756,                 3.5541,                 1.2914,                0.27293,                0.00102,                 0.0014,                0.00106,                0.62093,                 5.4919,                0.79986,             2.0625e-05,             2.0625e-05,             2.0625e-05
                      2,                0.54091,                 2.0932,                 1.1433,                0.00329,                0.02133,                0.00341,                0.00271,                0.56536,                 4.8632,                 0.7533,             2.7665e-05,             2.7665e-05,             2.7665e-05
                      3,                0.46648,                 1.7102,                 1.0843,                0.00316,                0.03053,                 0.0037,                 0.0031,                0.55489,                 4.6381,                0.73897,             2.1066e-05,             2.1066e-05,             2.1066e-05
                      1,                 0.4957,                 1.6212,                 1.0965,                0.00862,                0.04996,                0.00893,                 0.0077,                0.51791,                 4.1561,                0.70985,             2.0584e-05,             2.0584e-05,             2.0584e-05
